{"cameraMode":{"drawMode":0,"name":"Shaded","section":"Shading Mode"},"sceneLighting":true,"audioPlay":false,"sceneViewState":{"m_AlwaysRefresh":false,"showFog":true,"showSkybox":true,"showFlares":true,"showImageEffects":true,"showParticleSystems":true,"showVisualEffectGraphs":true,"m_FxEnabled":true},"in2DMode":false,"pivot":{"x":3.4763810634613039,"y":2.308112144470215,"z":15.603732109069825},"rotation":{"x":0.06343802809715271,"y":-0.05059998482465744,"z":0.003232874209061265,"w":0.9967044591903687},"size":10.898136138916016,"orthographic":false}